<?xml version="1.0" encoding="UTF-8"?>
<project-private xmlns="http://www.netbeans.org/ns/project-private/1">
    <editor-bookmarks xmlns="http://www.netbeans.org/ns/editor-bookmarks/2" lastBookmarkId="0"/>
    <open-files xmlns="http://www.netbeans.org/ns/projectui-open-files/2">
        <group>
            <file>file:/C:/Users/dell/Documents/NetBeansProjects/Zest%20Internship%202/public_html/about.html</file>
            <file>file:/C:/Users/dell/Documents/NetBeansProjects/Zest%20Internship%202/public_html/services.html</file>
            <file>file:/C:/Users/dell/Documents/NetBeansProjects/Zest%20Internship%202/public_html/contact.html</file>
            <file>file:/C:/Users/dell/Documents/NetBeansProjects/Zest%20Internship%202/public_html/index.html</file>
            <file>file:/C:/Users/dell/Documents/NetBeansProjects/Zest%20Internship%202/public_html/projects.html</file>
        </group>
    </open-files>
</project-private>
